Daily update on Mon Oct 27 15:30:19 UTC 2025
Daily update on Tue Oct 28 09:41:06 UTC 2025
Daily update on Wed Oct 29 09:40:39 UTC 2025
Daily update on Thu Oct 30 09:41:38 UTC 2025
Daily update on Fri Oct 31 09:40:36 UTC 2025
Daily update on Sat Nov  1 09:36:34 UTC 2025
Daily update on Sun Nov  2 09:35:46 UTC 2025
Daily update on Mon Nov  3 09:43:58 UTC 2025
Daily update on Tue Nov  4 09:42:52 UTC 2025
Daily update on Wed Nov  5 09:43:11 UTC 2025
Daily update on Thu Nov  6 09:42:16 UTC 2025
Daily update on Fri Nov  7 09:40:04 UTC 2025
Daily update on Sat Nov  8 09:36:25 UTC 2025
Daily update on Sun Nov  9 09:36:41 UTC 2025
